day;avg_size;avg_speed;avg_senserange;dominant_size;dominant_speed;dominant_sense;n_creatures
0;1000;1000;1000;0;0;0;50
1;1002;1000;1001;0;0;0;50
2;1002;1002;1003;105;58;117;85
3;1004;1009;1004;151;104;162;86
4;1007;1015;999;157;71;157;70
5;1005;1022;995;159;72;289;69
6;1007;1031;1005;179;104;358;67
7;1012;1048;1004;119;104;343;67
8;1015;1055;1003;80;80;419;62
9;1019;1061;998;106;45;499;66
10;1019;1068;996;116;16;533;60
11;1016;1084;989;70;35;473;57
12;1017;1092;991;74;18;425;54
13;1024;1098;995;74;0;407;54
14;1022;1115;998;113;0;377;53
15;1018;1124;994;166;18;388;54
16;1018;1125;992;222;18;333;54
17;1028;1132;995;204;20;326;49
18;1015;1133;984;191;21;340;47
19;1020;1127;987;183;40;367;49
20;1006;1136;985;150;37;433;53
21;1001;1147;986;122;61;367;49
22;993;1150;991;137;58;450;51
23;997;1165;1004;124;104;499;48
24;991;1186;1008;65;108;543;46
25;988;1203;995;113;90;636;44
26;993;1207;996;175;125;625;40
27;971;1210;1000;204;159;636;44
28;965;1218;997;179;153;666;39
29;956;1227;997;230;153;589;39
30;951;1228;1008;214;214;523;42
31;962;1214;1021;250;222;583;36
32;975;1214;1021;268;170;609;41
33;973;1229;1017;230;153;615;39
34;964;1232;1029;227;181;590;44
35;954;1228;1033;319;212;617;47
36;953;1226;1028;425;175;600;40
37;946;1226;1029;499;184;578;38
38;937;1211;1029;500;190;547;42
39;944;1207;1040;525;150;450;40
40;937;1210;1052;560;73;512;41
41;932;1215;1060;565;108;586;46
42;936;1213;1076;488;111;644;45
43;948;1213;1066;499;90;704;44
44;935;1212;1078;478;86;695;46
45;928;1214;1082;511;133;688;45
46;927;1218;1097;568;113;659;44
47;910;1225;1102;642;166;738;42
48;902;1228;1114;687;187;791;48
49;907;1235;1133;652;108;847;46
50;916;1241;1123;666;47;833;42
51;907;1242;1140;644;44;844;45
52;918;1242;1156;666;71;880;42
53;924;1234;1175;697;46;883;43
54;932;1226;1182;604;46;883;43
55;917;1226;1187;543;21;869;46
56;928;1225;1184;547;0;928;42
57;921;1218;1181;547;23;928;42
58;919;1229;1195;558;23;930;43
59;911;1239;1193;577;22;955;45
60;922;1251;1200;619;23;1000;42
61;929;1256;1209;547;23;1000;42
62;931;1268;1212;571;0;1000;42
63;931;1271;1217;523;0;1000;42
64;926;1273;1228;513;0;999;37
65;926;1270;1230;583;0;1000;36
66;924;1262;1226;529;0;1000;34
67;931;1263;1238;578;26;999;38
68;948;1267;1230;657;26;999;38
69;948;1265;1210;717;25;1000;39
70;960;1268;1213;750;27;1000;36
71;960;1264;1212;805;27;1000;36
72;953;1256;1221;810;0;999;37
73;957;1258;1241;820;0;1000;39
74;949;1251;1243;799;0;999;30
75;932;1238;1241;812;0;1000;32
76;918;1220;1243;823;0;1000;34
77;920;1219;1243;833;0;1000;36
78;916;1214;1238;842;0;999;38
79;921;1220;1233;837;0;1000;43
80;913;1233;1223;833;0;1000;42
81;915;1242;1220;902;0;1000;41
82;919;1247;1218;880;0;1000;42
83;920;1244;1215;883;0;1000;43
84;921;1242;1220;866;22;1000;45
85;920;1237;1225;871;51;1000;39
86;920;1234;1217;853;48;1000;41
87;920;1235;1211;866;44;1000;45
88;918;1239;1207;825;75;1000;40
89;917;1235;1212;763;52;999;38
90;921;1240;1210;750;25;1000;40
91;923;1232;1206;794;25;1000;39
92;924;1226;1210;820;25;1000;39
93;927;1229;1211;804;0;1000;41
94;926;1240;1211;780;0;1000;41
95;928;1249;1207;720;23;1000;43
96;922;1263;1225;723;42;1000;47
97;912;1270;1232;767;46;1000;43
98;920;1268;1227;725;50;1000;40
99;920;1259;1236;729;54;999;37
100;923;1258;1228;675;27;999;37
101;922;1258;1224;631;0;999;38
102;926;1268;1220;641;0;1000;39
103;913;1266;1221;578;0;999;38
104;921;1256;1224;676;0;1000;34
105;911;1251;1228;722;0;1000;36
106;907;1243;1231;789;0;999;38
107;909;1233;1237;825;0;1000;40
108;909;1226;1230;871;0;1000;39
109;905;1231;1233;923;0;1000;39
110;898;1226;1234;951;0;1000;41
111;886;1223;1218;956;43;999;46
112;872;1234;1226;956;43;999;46
113;882;1240;1225;977;45;999;44
114;878;1237;1228;978;65;999;46
115;872;1249;1239;975;73;1000;41
116;870;1258;1248;1000;50;1000;40
117;869;1251;1239;1000;23;1000;43
118;864;1251;1222;1000;0;1000;40
119;863;1243;1227;1000;0;1000;39
120;862;1235;1220;1000;0;1000;43
121;864;1227;1229;1000;23;1000;42
122;864;1228;1228;999;22;999;44
123;863;1204;1227;1000;24;1000;41
124;855;1199;1233;1000;23;1000;43
125;860;1199;1238;1000;44;1000;45
126;862;1202;1220;1000;42;1000;47
127;848;1199;1201;1000;23;1000;43
128;844;1196;1215;1000;0;1000;47
129;836;1194;1229;999;0;999;59
130;837;1198;1210;1000;0;1000;56
131;834;1205;1188;1000;0;1000;52
132;841;1206;1203;1000;0;1000;51
133;845;1203;1207;999;0;999;46
134;844;1201;1200;1000;0;1000;47
135;858;1198;1191;1000;0;1000;45
136;859;1191;1211;1000;0;1000;48
137;859;1189;1222;1000;0;1000;49
138;858;1187;1234;999;0;999;54
139;848;1183;1220;1000;0;1000;49
140;850;1200;1226;1000;0;1000;51
141;864;1200;1212;1000;0;1000;52
142;877;1192;1203;1000;0;1000;42
143;904;1194;1196;999;0;999;44
144;936;1203;1179;1000;0;1000;43
145;947;1222;1151;999;22;999;44
146;926;1210;1142;1000;28;1000;35
147;914;1204;1134;1000;28;1000;35
148;902;1200;1133;1000;25;1000;39
149;884;1207;1115;999;27;999;37
150;875;1201;1112;1000;0;1000;40
151;873;1208;1116;1000;0;1000;43
152;866;1218;1140;1000;0;1000;50
153;852;1225;1157;1000;0;1000;52
154;846;1218;1159;1000;0;1000;45
155;825;1214;1150;999;0;999;44
156;815;1218;1148;1000;0;1000;45
157;820;1214;1126;999;0;999;46
158;831;1217;1129;999;0;999;46
159;840;1214;1120;1000;0;1000;47
160;857;1218;1128;1000;0;1000;51
161;863;1219;1134;999;0;999;46
162;872;1222;1130;999;0;999;46
163;878;1219;1161;1000;0;1000;43
164;857;1232;1160;999;0;999;46
165;852;1227;1178;1000;0;1000;45
166;839;1222;1185;999;0;999;44
167;831;1222;1205;1000;0;1000;42
168;825;1217;1205;999;0;999;44
169;830;1211;1226;1000;0;1000;48
170;844;1209;1222;999;0;999;46
171;846;1207;1228;1000;0;1000;43
172;836;1209;1235;999;0;999;44
173;827;1218;1246;1000;0;1000;49
174;811;1226;1237;1000;0;1000;48
175;807;1225;1255;999;0;999;46
176;788;1225;1246;1000;0;1000;43
177;802;1227;1236;1000;0;1000;45
178;811;1225;1216;1000;0;1000;43
179;815;1225;1234;1000;0;1000;45
180;808;1221;1249;1000;0;1000;45
181;817;1225;1254;999;0;999;46
182;818;1222;1257;1000;22;1000;45
183;822;1221;1254;1000;19;1000;51
184;832;1222;1253;1000;20;1000;48
185;825;1224;1256;1000;24;1000;41
186;813;1224;1263;1000;40;1000;49
187;811;1223;1272;1000;19;1000;52
188;804;1225;1265;1000;20;1000;50
189;818;1226;1277;1000;19;1000;52
190;811;1220;1278;1000;40;1000;49
191;821;1228;1299;1000;46;1000;43
192;826;1233;1302;1000;63;1000;47
193;819;1240;1300;1000;58;1000;51
194;819;1248;1299;1000;81;1000;49
195;814;1243;1304;1000;42;1000;47
196;790;1238;1323;999;45;999;44
197;771;1228;1351;999;45;999;44
198;784;1220;1363;1000;47;1000;42
199;787;1215;1376;1000;23;1000;43
200;789;1220;1346;1000;19;1000;51
201;799;1214;1360;1000;0;1000;50
202;798;1217;1347;999;0;999;54
203;808;1209;1374;999;18;999;54
204;807;1211;1399;999;18;999;53
205;827;1217;1405;1000;20;1000;50
206;816;1216;1435;1000;18;1000;55
207;817;1227;1441;1000;19;1000;52
208;812;1231;1437;999;0;999;46
209;819;1232;1435;1000;0;1000;49
210;806;1214;1429;1000;0;1000;43
211;803;1210;1418;999;0;999;46
212;802;1199;1420;1000;0;1000;43
213;795;1204;1423;999;0;999;46
214;783;1198;1431;1000;0;1000;47
215;756;1210;1436;1000;0;1000;48
216;745;1200;1437;1000;0;1000;47
217;725;1203;1423;1000;0;1000;51
218;735;1206;1403;1000;0;1000;52
219;732;1207;1427;999;0;999;53
220;721;1205;1436;1000;0;1000;52
221;710;1209;1461;1000;0;1000;49
222;711;1212;1427;1000;0;1000;56
223;696;1208;1445;999;0;999;53
224;707;1197;1438;1000;0;1000;51
225;704;1202;1468;1000;0;1000;55
226;705;1203;1473;1000;0;1000;56
227;714;1197;1495;1000;0;1000;56
228;715;1199;1501;999;0;999;66
229;714;1188;1495;999;0;999;53
230;717;1194;1473;999;0;999;54
231;720;1192;1501;1000;0;1000;55
232;742;1204;1523;1000;0;1000;57
233;735;1205;1550;1000;0;1000;49
234;742;1208;1576;1000;0;1000;48
235;749;1208;1569;1000;0;1000;50
236;773;1221;1573;999;0;999;53
237;776;1215;1572;1000;0;1000;50
238;773;1226;1569;999;0;999;46
239;794;1219;1582;1000;0;1000;48
240;795;1217;1566;1000;0;1000;45
241;787;1212;1570;1000;0;1000;49
242;805;1209;1562;1000;0;1000;50
243;812;1203;1571;1000;0;1000;50
244;815;1205;1576;999;0;999;46
245;823;1212;1578;1000;0;1000;47
246;820;1206;1574;1000;0;1000;49
247;818;1210;1580;1000;0;1000;49
248;832;1217;1567;1000;0;1000;47
249;833;1217;1560;1000;0;1000;52
250;850;1211;1550;999;0;999;53
251;840;1212;1548;999;0;999;44
252;842;1215;1545;1000;0;1000;42
253;827;1215;1540;999;0;999;46
254;809;1203;1532;1000;0;1000;43
255;798;1202;1528;1000;0;1000;47
256;783;1202;1539;1000;0;1000;49
257;775;1207;1540;1000;0;1000;49
258;767;1204;1553;1000;0;1000;56
259;768;1209;1544;999;0;999;54
260;765;1212;1541;999;0;999;54
261;766;1215;1537;999;0;999;54
262;757;1214;1541;999;0;999;53
263;767;1218;1539;1000;0;1000;51
264;763;1225;1551;1000;0;1000;50
265;775;1213;1566;1000;0;1000;49
266;779;1212;1557;1000;0;1000;48
267;769;1223;1562;999;0;999;54
268;781;1218;1558;1000;0;1000;48
269;786;1213;1555;1000;0;1000;50
270;764;1216;1555;1000;0;1000;50
271;760;1219;1561;999;0;999;54
272;756;1216;1584;1000;0;1000;47
273;764;1217;1610;999;0;999;46
274;775;1220;1626;1000;0;1000;49
275;773;1221;1617;999;0;999;44
276;772;1223;1612;1000;0;1000;47
277;783;1222;1621;999;0;999;46
278;776;1226;1626;1000;0;1000;52
279;772;1229;1629;1000;0;1000;47
280;772;1227;1638;999;0;999;46
281;764;1231;1619;1000;0;1000;47
282;760;1231;1590;1000;0;1000;45
283;760;1230;1601;1000;0;1000;45
284;757;1225;1588;1000;0;1000;48
285;768;1229;1585;999;0;999;53
286;766;1228;1590;1000;0;1000;48
287;770;1226;1599;999;0;999;54
288;773;1224;1593;1000;0;1000;50
289;782;1225;1626;1000;0;1000;51
290;784;1225;1627;999;0;999;53
291;787;1226;1612;1000;0;1000;52
292;787;1230;1611;1000;0;1000;50
293;782;1238;1595;1000;0;1000;48
294;781;1240;1579;1000;0;1000;40
295;782;1239;1599;1000;0;1000;45
296;772;1237;1605;1000;0;1000;39
297;776;1228;1608;1000;0;1000;40
298;769;1224;1616;1000;0;1000;45
299;767;1221;1611;1000;0;1000;48
300;764;1226;1599;1000;0;1000;45
301;776;1231;1607;1000;0;1000;48
302;777;1232;1606;1000;0;1000;42
303;789;1231;1614;1000;0;1000;43
304;786;1234;1628;1000;0;1000;48
305;774;1235;1628;1000;0;1000;49
306;779;1230;1625;1000;0;1000;48
307;767;1224;1632;999;0;999;44
308;777;1225;1622;1000;0;1000;50
309;775;1228;1632;1000;0;1000;48
310;772;1227;1633;1000;0;1000;48
311;764;1232;1633;1000;0;1000;45
312;760;1240;1624;1000;0;1000;45
313;751;1239;1616;1000;0;1000;41
314;749;1236;1606;1000;0;1000;40
315;746;1228;1596;1000;0;1000;43
316;741;1226;1590;1000;0;1000;45
317;748;1224;1588;1000;0;1000;43
318;764;1227;1579;1000;0;1000;45
319;768;1226;1581;1000;0;1000;49
320;785;1228;1573;1000;0;1000;49
321;793;1231;1577;1000;0;1000;48
322;795;1232;1576;1000;0;1000;47
323;795;1227;1562;1000;0;1000;50
324;798;1228;1556;1000;0;1000;49
325;808;1234;1561;1000;0;1000;48
326;813;1233;1583;1000;0;1000;47
327;817;1230;1582;1000;0;1000;43
328;817;1230;1575;999;0;999;44
329;822;1232;1573;1000;0;1000;50
330;821;1233;1552;1000;0;1000;48
331;813;1232;1548;1000;0;1000;48
332;805;1228;1541;1000;0;1000;48
333;797;1220;1542;1000;0;1000;45
334;805;1215;1529;1000;0;1000;47
335;792;1210;1542;1000;0;1000;45
336;775;1203;1535;1000;0;1000;47
337;760;1207;1535;1000;0;1000;47
338;756;1207;1525;1000;0;1000;48
339;726;1203;1518;1000;0;1000;51
340;716;1200;1514;1000;0;1000;50
341;730;1201;1516;999;0;999;54
342;735;1206;1516;1000;0;1000;52
343;744;1215;1515;1000;0;1000;57
344;740;1214;1523;1000;0;1000;55
345;735;1218;1529;999;0;999;53
346;728;1212;1545;1000;0;1000;50
347;730;1204;1546;999;0;999;54
348;731;1202;1557;1000;0;1000;51
349;725;1201;1552;999;0;999;53
350;717;1194;1533;1000;0;1000;55
351;715;1198;1511;999;0;999;53
352;729;1199;1515;1000;0;1000;55
353;734;1201;1513;999;0;999;53
354;735;1213;1509;1000;0;1000;60
355;741;1214;1504;1000;0;1000;56
356;738;1219;1509;1000;0;1000;58
357;739;1216;1505;999;0;999;53
358;736;1218;1511;1000;0;1000;52
359;728;1218;1512;1000;0;1000;50
360;727;1210;1519;1000;0;1000;47
361;722;1200;1525;1000;0;1000;48
362;719;1194;1524;1000;0;1000;52
363;714;1192;1529;1000;0;1000;56
364;706;1177;1513;1000;0;1000;52
365;723;1174;1526;1000;0;1000;49
366;728;1173;1526;999;0;999;53
367;740;1173;1528;1000;0;1000;61
368;759;1174;1544;999;0;999;62
369;757;1178;1542;999;0;999;62
370;766;1187;1536;1000;0;1000;60
371;770;1188;1537;999;0;999;59
372;768;1186;1548;999;0;999;54
373;747;1186;1553;999;0;999;54
374;752;1186;1566;999;0;999;54
375;758;1189;1573;1000;0;1000;45
376;751;1190;1573;1000;0;1000;47
377;742;1186;1574;1000;0;1000;51
378;748;1186;1572;1000;0;1000;57
379;752;1180;1559;999;0;999;54
380;757;1187;1556;999;0;999;53
381;762;1181;1569;1000;0;1000;56
382;763;1182;1584;1000;0;1000;49
383;760;1178;1589;1000;0;1000;50
384;759;1181;1591;1000;0;1000;56
385;759;1178;1599;999;0;999;53
386;763;1180;1595;1000;0;1000;52
387;766;1186;1592;999;0;999;54
388;774;1191;1596;1000;0;1000;56
389;778;1187;1587;1000;0;1000;48
390;780;1183;1575;1000;0;1000;55
391;768;1176;1587;999;0;999;53
392;772;1171;1586;1000;0;1000;55
393;763;1169;1580;1000;0;1000;57
394;739;1166;1570;1000;0;1000;56
395;723;1172;1548;999;0;999;59
396;721;1174;1525;1000;0;1000;61
397;713;1176;1520;999;0;999;62
398;695;1187;1554;999;0;999;62
399;702;1194;1549;999;0;999;59
400;695;1195;1551;999;0;999;59
401;690;1206;1536;999;0;999;59
402;701;1203;1538;1000;0;1000;52
403;700;1205;1539;1000;0;1000;50
404;696;1198;1551;1000;0;1000;47
405;698;1198;1545;999;0;999;54
406;677;1189;1538;1000;0;1000;57
407;688;1189;1537;1000;0;1000;56
408;692;1189;1553;1000;0;1000;58
409;682;1186;1546;1000;0;1000;56
410;675;1195;1550;1000;0;1000;56
411;669;1189;1553;1000;0;1000;61
412;658;1194;1559;1000;0;1000;60
413;660;1192;1578;1000;0;1000;61
414;661;1194;1587;1000;0;1000;61
415;657;1192;1602;1000;0;1000;58
416;660;1193;1602;1000;0;1000;61
417;655;1203;1599;999;0;999;69
418;643;1204;1599;1000;0;1000;61
419;641;1208;1604;999;0;999;63
420;646;1217;1609;1000;0;1000;57
421;636;1214;1599;999;0;999;59
422;631;1212;1603;1000;0;1000;61
423;638;1207;1626;1000;0;1000;57
424;637;1214;1620;1000;0;1000;61
425;630;1214;1627;1000;0;1000;58
426;611;1218;1610;1000;0;1000;56
427;611;1214;1615;1000;0;1000;55
428;603;1207;1602;1000;0;1000;55
429;605;1205;1622;1000;0;1000;55
430;602;1209;1599;999;0;999;54
431;588;1202;1606;999;0;999;59
432;571;1200;1597;1000;0;1000;57
433;561;1201;1603;1000;0;1000;64
434;558;1194;1605;1000;0;1000;67
435;546;1197;1599;999;0;999;66
436;545;1197;1601;999;0;999;72
437;538;1201;1593;999;0;999;70
438;539;1204;1598;999;0;999;70
439;541;1207;1592;999;0;999;66
440;525;1208;1611;999;0;999;65
441;521;1204;1620;1000;0;1000;64
442;515;1205;1618;999;0;999;68
443;519;1212;1610;999;0;999;68
444;518;1206;1604;999;0;999;62
445;526;1206;1607;999;0;999;71
446;535;1200;1601;999;0;999;74
447;528;1199;1598;999;0;999;74
448;517;1199;1595;1000;0;1000;73
449;525;1200;1589;1000;0;1000;67
450;518;1194;1576;1000;0;1000;77
451;522;1204;1565;999;0;999;72
452;513;1218;1560;999;0;999;72
453;506;1231;1579;999;0;999;68
454;500;1228;1569;1000;0;1000;64
455;505;1232;1573;999;0;999;63
456;498;1238;1571;1000;0;1000;67
457;491;1239;1578;999;0;999;65
458;484;1236;1567;1000;0;1000;67
459;480;1246;1552;999;0;999;68
460;474;1249;1543;999;0;999;72
461;475;1244;1532;999;0;999;68
462;474;1239;1528;999;0;999;65
463;472;1238;1524;999;0;999;68
464;470;1226;1543;1000;0;1000;73
465;465;1223;1546;1000;0;1000;73
466;459;1224;1542;999;0;999;70
467;457;1229;1533;1000;0;1000;76
468;461;1230;1543;999;0;999;78
469;456;1230;1549;1000;0;1000;73
470;453;1228;1556;999;0;999;75
471;458;1239;1557;1000;0;1000;81
472;466;1239;1547;999;0;999;74
473;462;1246;1549;999;0;999;69
474;459;1241;1551;1000;0;1000;67
475;458;1234;1551;999;0;999;69
476;454;1233;1555;1000;0;1000;77
477;458;1237;1551;999;0;999;79
478;466;1236;1548;999;0;999;75
479;469;1236;1556;999;0;999;78
480;471;1240;1564;999;0;999;87
481;470;1242;1556;1000;0;1000;83
482;466;1245;1542;999;0;999;79
483;464;1248;1528;1000;0;1000;73
484;462;1250;1522;999;0;999;71
485;456;1247;1518;999;0;999;75
486;454;1245;1519;1000;0;1000;76
487;454;1248;1525;999;0;999;75
488;452;1248;1544;999;0;999;71
489;453;1248;1540;999;0;999;70
490;455;1249;1541;1000;0;1000;77
491;451;1249;1536;999;0;999;71
492;448;1255;1545;999;0;999;72
493;449;1257;1538;999;0;999;72
494;448;1253;1530;999;0;999;70
495;444;1257;1515;1000;0;1000;73
496;442;1249;1503;999;0;999;74
497;448;1246;1503;1000;0;1000;64
498;443;1251;1502;999;0;999;65
499;447;1254;1496;999;0;999;72
500;440;1260;1486;999;0;999;70
501;439;1261;1481;999;0;999;65
502;438;1253;1481;1000;0;1000;76
503;437;1254;1476;999;0;999;75
504;424;1256;1474;1000;0;1000;76
505;423;1250;1481;1000;0;1000;73
506;417;1242;1489;1000;0;1000;76
507;414;1243;1496;999;0;999;75
508;404;1230;1497;999;0;999;80
509;396;1222;1500;999;0;999;79
510;391;1222;1507;1000;0;1000;82
511;387;1219;1508;1000;0;1000;83
512;386;1218;1506;1000;0;1000;92
513;384;1222;1506;999;0;999;93
514;398;1221;1503;999;0;999;90
515;386;1220;1495;999;0;999;87
516;377;1226;1499;1000;0;1000;92
517;376;1220;1485;1000;0;1000;89
518;372;1214;1477;1000;0;1000;92
519;365;1218;1479;999;0;999;93
520;365;1222;1476;999;0;999;102
521;363;1224;1475;999;0;999;94
522;362;1229;1469;1000;0;1000;101
523;356;1227;1453;999;0;999;99
524;349;1221;1451;1000;0;1000;95
525;359;1226;1454;999;0;999;94
526;377;1236;1457;999;0;999;99
527;382;1237;1478;999;0;999;88
528;386;1248;1480;999;0;999;93
529;383;1258;1471;1000;0;1000;81
530;385;1255;1466;1000;0;1000;76
531;381;1253;1476;999;0;999;80
532;383;1251;1476;999;0;999;90
533;389;1252;1477;999;0;999;88
534;393;1259;1466;1000;0;1000;76
535;391;1253;1462;999;0;999;70
536;382;1245;1462;1000;0;1000;67
537;375;1239;1465;999;0;999;69
538;376;1243;1466;999;0;999;79
539;376;1243;1473;1000;0;1000;86
540;364;1247;1485;999;0;999;85
541;364;1256;1470;1000;0;1000;86
542;364;1255;1456;1000;0;1000;89
543;362;1247;1449;1000;0;1000;86
544;352;1234;1450;999;0;999;80
545;349;1229;1450;999;0;999;79
546;344;1229;1445;1000;0;1000;86
547;353;1227;1434;999;0;999;93
548;351;1229;1427;1000;0;1000;92
549;348;1226;1433;1000;0;1000;101
550;352;1232;1431;1000;0;1000;107
551;352;1238;1435;999;0;999;105
552;350;1244;1444;1000;0;1000;98
553;347;1238;1436;999;0;999;96
554;352;1232;1441;999;0;999;99
555;358;1234;1433;999;0;999;93
556;356;1233;1419;999;0;999;96
557;360;1234;1422;999;0;999;103
558;361;1241;1421;999;0;999;105
559;353;1244;1407;1000;0;1000;101
560;343;1245;1391;999;0;999;104
561;355;1244;1378;999;0;999;102
562;350;1241;1367;1000;0;1000;101
563;346;1235;1361;999;0;999;102
564;357;1233;1351;1000;0;1000;100
565;372;1233;1363;1000;0;1000;100
566;372;1233;1363;1000;0;1000;95
567;376;1234;1357;1000;0;1000;95
568;369;1236;1356;1000;0;1000;92
569;370;1234;1349;1000;0;1000;95
570;376;1243;1350;999;0;999;93
571;382;1237;1350;999;0;999;97
572;372;1236;1362;999;0;999;97
573;376;1236;1343;1000;0;1000;95
574;375;1235;1358;999;0;999;96
575;385;1236;1347;999;0;999;102
576;387;1240;1348;1000;0;1000;95
577;390;1255;1354;1000;0;1000;92
578;396;1257;1360;999;0;999;85
579;394;1255;1366;1000;0;1000;86
580;398;1259;1356;999;0;999;85
581;401;1266;1372;999;0;999;84
582;399;1263;1376;999;0;999;80
583;400;1260;1377;999;0;999;80
584;411;1255;1377;1000;0;1000;76
585;420;1244;1375;999;0;999;75
586;418;1234;1377;999;0;999;74
587;411;1221;1376;999;0;999;79
588;413;1214;1376;1000;0;1000;83
589;414;1214;1364;1000;0;1000;76
590;429;1215;1370;1000;0;1000;82
591;420;1212;1354;1000;0;1000;82
592;427;1215;1355;999;0;999;87
593;424;1211;1345;999;0;999;85
594;424;1194;1346;999;0;999;88
595;420;1186;1342;999;0;999;87
596;426;1186;1348;999;0;999;90
597;418;1177;1346;1000;0;1000;92
598;418;1179;1342;1000;0;1000;95
599;416;1186;1346;1000;0;1000;95
600;404;1194;1351;999;0;999;99
601;399;1189;1339;999;0;999;93
602;394;1195;1335;1000;0;1000;98
603;383;1207;1335;999;0;999;99
604;377;1224;1329;1000;0;1000;100
605;373;1226;1316;1000;0;1000;95
606;375;1229;1322;999;0;999;99
607;370;1225;1337;999;0;999;102
608;364;1222;1333;999;0;999;99
609;365;1227;1342;999;0;999;94
610;369;1238;1326;999;0;999;97
611;365;1251;1342;999;0;999;96
612;359;1257;1345;999;0;999;90
613;364;1262;1351;999;0;999;88
614;369;1265;1351;1000;0;1000;86
615;372;1269;1350;1000;0;1000;89
616;371;1272;1357;1000;0;1000;89
617;369;1270;1355;999;0;999;94
618;372;1272;1366;999;0;999;88
619;362;1281;1376;1000;0;1000;89
620;352;1287;1381;1000;0;1000;92
621;352;1284;1378;1000;0;1000;92
622;352;1274;1372;999;0;999;87
623;339;1281;1370;1000;0;1000;92
624;346;1270;1359;999;0;999;88
625;344;1261;1343;999;0;999;88
626;347;1253;1331;999;0;999;84
627;355;1248;1314;999;0;999;88
628;364;1250;1327;999;0;999;97
629;369;1254;1320;999;0;999;90
630;365;1254;1331;999;0;999;90
631;365;1253;1342;999;0;999;93
632;354;1254;1356;999;0;999;97
633;351;1260;1380;999;0;999;97
634;348;1259;1391;999;0;999;96
635;344;1259;1410;1000;0;1000;100
636;342;1267;1413;1000;0;1000;101
637;337;1267;1416;1000;0;1000;95
638;321;1275;1404;1000;0;1000;95
639;317;1276;1399;999;0;999;87
640;318;1275;1403;1000;0;1000;95
641;322;1274;1424;999;0;999;97
642;316;1273;1412;999;0;999;97
643;315;1277;1408;999;0;999;91
644;317;1275;1408;999;0;999;99
645;318;1274;1405;999;0;999;96
646;325;1268;1396;1000;0;1000;101
647;322;1265;1390;999;0;999;96
648;323;1269;1395;999;0;999;99
649;326;1271;1383;1000;0;1000;100
650;329;1274;1393;999;0;999;96
651;334;1269;1393;1000;0;1000;98
652;333;1276;1377;999;0;999;103
653;328;1281;1368;1000;0;1000;101
654;323;1278;1367;999;0;999;99
655;321;1274;1354;999;0;999;91
656;324;1279;1341;999;0;999;97
657;323;1280;1327;999;0;999;93
658;318;1280;1321;999;0;999;90
659;320;1279;1320;1000;0;1000;89
660;327;1274;1317;999;0;999;93
661;329;1269;1304;1000;0;1000;98
662;333;1268;1291;1000;0;1000;95
663;331;1271;1282;1000;0;1000;95
664;335;1273;1277;999;0;999;93
665;330;1273;1296;999;0;999;94
666;325;1270;1290;999;0;999;93
667;323;1268;1279;1000;0;1000;92
668;317;1268;1279;999;0;999;97
669;322;1278;1271;999;0;999;105
670;327;1276;1260;999;0;999;97
671;331;1277;1266;999;0;999;99
672;331;1276;1264;999;0;999;99
673;332;1283;1240;1000;0;1000;100
674;335;1281;1249;999;0;999;102
675;342;1277;1255;999;0;999;96
676;346;1275;1264;999;0;999;96
677;343;1271;1275;999;0;999;90
678;336;1265;1286;1000;0;1000;92
679;325;1264;1289;999;0;999;87
680;331;1266;1292;1000;0;1000;98
681;327;1261;1293;999;0;999;97
682;316;1259;1291;1000;0;1000;100
683;315;1256;1292;999;0;999;110
684;318;1259;1310;999;0;999;110
685;310;1255;1313;999;0;999;112
686;306;1264;1306;999;0;999;109
687;311;1270;1321;999;0;999;110
688;313;1272;1329;999;0;999;104
689;314;1267;1331;999;0;999;102
690;317;1268;1340;1000;0;1000;100
691;320;1264;1336;1000;0;1000;101
692;324;1264;1331;1000;0;1000;95
693;323;1272;1332;999;0;999;97
694;317;1279;1324;999;0;999;102
695;320;1276;1312;999;0;999;110
696;315;1278;1300;999;0;999;104
697;313;1282;1299;1000;0;1000;101
698;312;1283;1285;999;0;999;91
699;312;1280;1279;999;0;999;93
700;306;1280;1277;1000;0;1000;100
701;300;1290;1285;999;0;999;104
702;297;1293;1275;1000;0;1000;100
703;297;1289;1281;999;0;999;103
704;292;1290;1284;999;0;999;106
705;284;1296;1290;999;0;999;109
706;286;1292;1288;1000;0;1000;101
707;291;1293;1286;999;0;999;105
708;297;1295;1302;999;0;999;106
709;302;1289;1300;999;0;999;97
710;306;1292;1305;999;0;999;94
711;302;1280;1306;999;0;999;99
712;306;1264;1320;999;0;999;90
713;308;1258;1323;999;0;999;97
714;307;1257;1334;999;0;999;104
715;299;1262;1325;999;0;999;112
716;302;1254;1333;999;0;999;106
717;298;1261;1343;999;0;999;118
718;291;1273;1340;999;0;999;112
719;296;1272;1336;999;0;999;102
720;299;1273;1355;999;0;999;104
721;299;1273;1357;999;0;999;109
722;302;1271;1354;1000;0;1000;108
723;305;1270;1358;999;0;999;103
724;305;1270;1355;999;0;999;105
725;305;1281;1353;999;0;999;109
726;301;1283;1337;1000;0;1000;100
727;301;1287;1336;999;0;999;94
728;301;1292;1338;999;0;999;94
729;303;1294;1331;1000;0;1000;100
730;306;1303;1329;999;0;999;105
731;304;1306;1315;1000;0;1000;107
732;304;1301;1311;1000;0;1000;101
733;304;1307;1322;1000;0;1000;101
734;304;1308;1329;1000;0;1000;98
735;303;1298;1318;1000;0;1000;98
736;302;1298;1329;999;0;999;97
737;301;1297;1329;1000;0;1000;101
738;296;1298;1335;1000;0;1000;100
739;294;1303;1342;999;0;999;103
740;300;1301;1339;999;0;999;112
741;300;1306;1329;999;0;999;106
742;298;1308;1319;1000;0;1000;92
743;301;1308;1312;999;0;999;97
744;302;1302;1318;1000;0;1000;101
745;301;1314;1310;999;0;999;103
746;305;1320;1305;1000;0;1000;98
747;304;1323;1288;999;0;999;99
748;306;1331;1285;999;0;999;97
749;306;1332;1287;999;0;999;94
750;306;1330;1285;999;0;999;94
751;305;1331;1280;999;0;999;93
752;309;1332;1273;999;0;999;97
753;310;1334;1280;1000;0;1000;100
754;313;1333;1265;999;0;999;96
755;315;1330;1264;999;0;999;94
756;317;1330;1266;999;0;999;93
757;317;1324;1262;1000;0;1000;101
758;313;1320;1249;1000;0;1000;100
759;310;1323;1248;1000;0;1000;95
760;311;1323;1250;1000;0;1000;92
761;310;1321;1243;999;0;999;88
762;310;1320;1257;1000;0;1000;86
763;313;1321;1265;999;0;999;85
764;314;1316;1262;999;0;999;87
765;313;1305;1253;999;0;999;90
766;302;1306;1251;1000;0;1000;100
767;299;1311;1243;999;0;999;103
768;295;1312;1241;999;0;999;96
769;297;1310;1224;1000;0;1000;101
770;301;1307;1228;1000;0;1000;95
771;306;1308;1227;999;0;999;93
772;296;1302;1231;999;0;999;97
773;300;1296;1227;999;0;999;97
774;298;1297;1227;999;0;999;104
775;294;1301;1218;1000;0;1000;101
776;290;1297;1227;999;0;999;104
777;292;1300;1230;1000;0;1000;113
778;289;1298;1233;1000;0;1000;111
779;287;1297;1234;999;0;999;109
780;294;1297;1229;1000;0;1000;108
781;297;1296;1228;1000;0;1000;111
782;292;1302;1218;999;0;999;106
783;291;1312;1212;999;0;999;109
784;292;1316;1207;1000;0;1000;107
785;290;1320;1203;999;0;999;106
786;294;1322;1186;1000;0;1000;101
787;292;1318;1183;999;0;999;99
788;293;1308;1196;999;0;999;96
789;297;1310;1195;999;0;999;102
790;299;1310;1186;999;0;999;102
791;300;1308;1188;999;0;999;104
792;300;1307;1189;999;0;999;102
793;293;1310;1196;999;0;999;104
794;296;1305;1172;1000;0;1000;95
795;298;1304;1163;999;0;999;104
796;304;1306;1157;1000;0;1000;98
797;306;1308;1150;1000;0;1000;108
798;304;1308;1153;1000;0;1000;107
799;300;1318;1154;1000;0;1000;108
800;304;1316;1139;1000;0;1000;100
801;305;1310;1128;999;0;999;93
802;306;1316;1123;999;0;999;97
803;306;1315;1115;999;0;999;96
804;311;1316;1118;999;0;999;104
805;313;1317;1115;999;0;999;104
806;308;1316;1122;999;0;999;105
807;301;1308;1119;999;0;999;96
808;300;1299;1109;999;0;999;94
809;298;1297;1121;999;0;999;96
810;294;1298;1134;999;0;999;102
811;296;1296;1128;999;0;999;102
812;302;1298;1124;1000;0;1000;107
813;309;1289;1133;1000;0;1000;101
814;312;1286;1128;999;0;999;103
815;317;1289;1122;999;0;999;103
816;321;1293;1125;1000;0;1000;107
817;319;1294;1128;999;0;999;106
818;317;1292;1127;1000;0;1000;107
819;315;1291;1116;999;0;999;104
820;320;1291;1124;1000;0;1000;113
821;323;1298;1127;999;0;999;102
822;329;1304;1124;1000;0;1000;100
823;331;1310;1124;999;0;999;103
824;326;1310;1134;999;0;999;102
825;328;1306;1139;999;0;999;103
826;327;1314;1123;1000;0;1000;100
827;324;1315;1115;1000;0;1000;95
828;322;1318;1105;999;0;999;96
829;319;1312;1098;999;0;999;96
830;314;1324;1080;1000;0;1000;100
831;309;1329;1049;999;0;999;99
832;315;1322;1039;999;0;999;96
833;315;1315;1039;999;0;999;99
834;314;1320;1034;1000;0;1000;95
835;313;1316;1024;1000;0;1000;89
836;306;1315;1014;999;0;999;94
837;298;1307;1011;1000;0;1000;95
838;297;1318;1012;999;0;999;102
839;294;1324;1031;999;0;999;106
840;291;1321;1037;1000;0;1000;100
841;293;1320;1050;999;0;999;103
842;295;1326;1046;999;0;999;103
843;290;1321;1035;999;0;999;110
844;293;1324;1032;999;0;999;102
845;296;1327;1022;999;0;999;102
846;296;1333;1027;999;0;999;102
847;295;1334;1022;999;0;999;104
848;296;1335;1011;999;0;999;109
849;294;1330;1020;1000;0;1000;108
850;300;1331;1023;999;0;999;105
851;302;1327;1028;999;0;999;103
852;307;1324;1018;1000;0;1000;100
853;306;1332;1011;999;0;999;106
854;309;1334;1011;999;0;999;103
855;310;1332;1007;999;0;999;102
856;316;1335;1005;1000;0;1000;107
857;320;1335;986;999;0;999;104
858;322;1331;975;1000;0;1000;100
859;328;1332;983;999;0;999;103
860;331;1334;994;1000;0;1000;100
861;333;1336;986;999;0;999;102
862;337;1341;989;1000;0;1000;101
863;336;1345;981;1000;0;1000;95
864;329;1350;978;1000;0;1000;92
865;326;1351;976;1000;0;1000;86
866;323;1353;987;999;0;999;91
867;316;1360;992;999;0;999;87
868;312;1358;993;999;0;999;90
869;311;1360;998;999;0;999;94
870;310;1359;1005;999;0;999;90
871;310;1356;1015;999;0;999;88
872;306;1355;1001;999;0;999;87
873;302;1346;997;1000;0;1000;86
874;302;1342;988;1000;0;1000;86
875;305;1335;995;1000;0;1000;89
876;305;1335;983;1000;0;1000;82
877;309;1329;981;999;0;999;87
878;311;1333;979;1000;0;1000;101
879;312;1332;970;1000;0;1000;100
880;310;1337;956;1000;0;1000;100
881;316;1340;957;1000;0;1000;107
882;315;1347;974;999;0;999;104
883;308;1347;982;1000;0;1000;95
884;303;1349;987;999;0;999;91
885;301;1342;988;999;0;999;99
886;295;1338;983;999;0;999;104
887;295;1338;989;1000;0;1000;101
888;298;1340;993;1000;0;1000;95
889;294;1336;994;999;0;999;97
890;293;1334;994;999;0;999;103
891;288;1332;1010;999;0;999;103
892;289;1339;1012;1000;0;1000;111
893;287;1334;1005;1000;0;1000;111
894;293;1337;1022;1000;0;1000;111
895;299;1330;1036;1000;0;1000;107
896;302;1332;1042;1000;0;1000;107
897;308;1328;1058;999;0;999;102
898;312;1328;1051;999;0;999;90
899;316;1332;1014;1000;0;1000;89
900;314;1335;1004;1000;0;1000;92
901;313;1334;1003;999;0;999;91
902;313;1329;998;999;0;999;99
903;309;1329;978;999;0;999;99
904;313;1332;983;999;0;999;97
905;320;1341;970;999;0;999;104
906;320;1340;983;1000;0;1000;101
907;321;1346;994;999;0;999;99
908;314;1348;1000;999;0;999;96
909;309;1349;1006;999;0;999;96
910;309;1345;1009;1000;0;1000;89
911;309;1347;1021;999;0;999;97
912;302;1336;1019;999;0;999;94
913;303;1342;1028;999;0;999;96
914;302;1340;1018;999;0;999;96
915;303;1334;1017;1000;0;1000;89
916;300;1334;997;999;0;999;91
917;299;1341;1002;999;0;999;99
918;300;1342;994;999;0;999;96
919;296;1347;1008;1000;0;1000;100
920;298;1352;1029;1000;0;1000;98
921;304;1350;1041;999;0;999;88
922;306;1342;1047;1000;0;1000;95
923;304;1339;1043;1000;0;1000;95
924;307;1335;1043;1000;0;1000;95
925;300;1339;1040;999;0;999;106
926;299;1338;1044;1000;0;1000;101
927;290;1338;1031;999;0;999;97
928;284;1338;1014;1000;0;1000;98
929;279;1329;1014;1000;0;1000;100
930;281;1332;1014;999;0;999;106
931;281;1334;1008;1000;0;1000;111
932;278;1331;1012;999;0;999;115
933;282;1338;1009;1000;0;1000;114
934;288;1345;1015;1000;0;1000;107
935;286;1343;1012;999;0;999;97
936;286;1340;1020;999;0;999;103
937;289;1342;1013;999;0;999;106
938;288;1346;1029;999;0;999;105
939;291;1347;1033;1000;0;1000;100
940;294;1349;1039;999;0;999;102
941;298;1345;1045;999;0;999;105
942;294;1343;1058;999;0;999;112
943;292;1333;1054;999;0;999;102
944;294;1329;1049;999;0;999;97
945;300;1330;1058;999;0;999;102
946;304;1339;1057;1000;0;1000;113
947;304;1344;1064;1000;0;1000;107
948;308;1339;1053;999;0;999;102
949;305;1341;1044;999;0;999;103
950;300;1332;1035;999;0;999;104
951;305;1313;1037;999;0;999;96
952;308;1309;1039;999;0;999;94
953;303;1308;1043;1000;0;1000;100
954;305;1313;1049;1000;0;1000;98
955;306;1311;1047;999;0;999;94
956;305;1307;1052;1000;0;1000;101
957;307;1320;1037;999;0;999;110
958;306;1319;1049;999;0;999;109
959;303;1322;1046;999;0;999;106
960;304;1322;1042;999;0;999;119
961;299;1320;1040;1000;0;1000;113
962;304;1317;1035;999;0;999;105
963;308;1319;1027;999;0;999;99
964;312;1317;1035;999;0;999;104
965;314;1314;1049;999;0;999;97
966;313;1312;1026;1000;0;1000;98
967;311;1321;1033;999;0;999;104
968;310;1322;1034;999;0;999;104
969;311;1321;1035;1000;0;1000;100
970;308;1322;1036;999;0;999;110
971;307;1328;1041;999;0;999;103
972;306;1327;1041;999;0;999;94
973;306;1329;1030;999;0;999;94
974;313;1327;1027;1000;0;1000;101
975;312;1325;1023;1000;0;1000;100
976;321;1321;1032;1000;0;1000;100
977;324;1317;1005;999;0;999;94
978;335;1317;992;999;0;999;99
979;332;1313;973;999;0;999;104
980;332;1309;975;999;0;999;97
981;326;1314;978;999;0;999;96
982;310;1306;973;1000;0;1000;100
983;300;1310;976;999;0;999;104
984;294;1307;974;999;0;999;97
985;290;1310;968;999;0;999;103
986;291;1302;970;999;0;999;106
987;299;1310;963;1000;0;1000;107
988;298;1304;963;999;0;999;110
989;292;1302;959;1000;0;1000;111
990;291;1305;957;999;0;999;109
991;288;1306;966;999;0;999;109
992;285;1303;974;1000;0;1000;114
993;287;1308;968;1000;0;1000;113
994;285;1309;976;999;0;999;105
995;290;1306;971;1000;0;1000;101
996;291;1301;961;1000;0;1000;107
997;297;1295;953;1000;0;1000;111
998;298;1295;961;999;0;999;112
999;297;1308;962;999;0;999;115
1000;307;1304;965;999;0;999;109
1001;305;1302;965;1000;0;1000;111
1002;309;1308;975;1000;0;1000;111
1003;309;1319;979;999;0;999;119
1004;310;1326;980;999;0;999;110
1005;308;1328;975;999;0;999;105
1006;305;1326;967;999;0;999;104
1007;298;1328;949;999;0;999;103
1008;299;1317;954;1000;0;1000;101
1009;290;1309;950;1000;0;1000;95
1010;275;1306;945;1000;0;1000;89
1011;276;1308;949;1000;0;1000;100
1012;279;1310;954;999;0;999;112
1013;280;1306;958;1000;0;1000;114
1014;281;1310;960;999;0;999;115
1015;276;1312;949;1000;0;1000;114
1016;277;1312;938;999;0;999;110
1017;281;1309;927;999;0;999;103
1018;278;1305;925;999;0;999;110
1019;277;1304;917;1000;0;1000;113
1020;273;1312;915;999;0;999;115
1021;271;1308;931;999;0;999;109
1022;275;1307;935;999;0;999;119
1023;279;1306;926;999;0;999;117
1024;279;1296;931;999;0;999;120
1025;277;1275;918;999;0;999;120
1026;271;1270;914;1000;0;1000;114
1027;267;1260;914;999;0;999;120
1028;257;1252;899;999;0;999;117
1029;250;1250;897;1000;0;1000;131
1030;250;1249;897;999;0;999;140
1031;247;1254;895;1000;0;1000;138
1032;238;1256;891;1000;0;1000;135
1033;236;1254;880;999;0;999;144
1034;239;1266;871;999;0;999;149
1035;237;1272;863;999;0;999;144
1036;233;1273;845;1000;0;1000;150
1037;228;1282;832;999;0;999;152
1038;232;1284;813;1000;0;1000;148
1039;236;1286;825;1000;0;1000;151
1040;236;1293;826;1000;0;1000;147
1041;235;1295;822;1000;0;1000;150
1042;239;1296;825;999;0;999;142
1043;248;1302;817;1000;0;1000;148
1044;253;1305;816;1000;0;1000;147
1045;252;1304;821;1000;0;1000;138
1046;254;1306;814;1000;0;1000;129
1047;255;1311;807;1000;0;1000;135
1048;252;1313;804;999;0;999;139
1049;250;1322;786;1000;0;1000;135
1050;256;1322;778;1000;0;1000;125
1051;255;1329;763;999;0;999;137
1052;259;1333;772;999;0;999;140
1053;259;1345;781;999;0;999;136
1054;257;1355;792;999;0;999;126
1055;257;1356;802;1000;0;1000;123
1056;256;1350;804;999;0;999;118
1057;266;1350;809;999;0;999;116
1058;264;1351;816;999;0;999;118
1059;267;1346;802;999;0;999;115
1060;274;1345;791;1000;0;1000;107
1061;274;1343;794;1000;0;1000;107
1062;275;1342;796;999;0;999;115
1063;277;1350;815;1000;0;1000;113
1064;277;1354;817;999;0;999;109
1065;271;1349;808;999;0;999;118
1066;275;1351;812;999;0;999;119
1067;281;1348;799;999;0;999;106
1068;280;1347;794;999;0;999;109
1069;277;1350;773;999;0;999;117
1070;280;1355;766;999;0;999;115
1071;280;1357;772;999;0;999;106
1072;283;1359;779;999;0;999;112
1073;286;1360;780;999;0;999;115
1074;286;1361;796;999;0;999;112
1075;287;1358;810;1000;0;1000;111
1076;294;1357;804;1000;0;1000;107
1077;307;1359;792;1000;0;1000;101
1078;305;1365;802;1000;0;1000;100
1079;299;1358;812;999;0;999;103
1080;293;1359;832;999;0;999;99
1081;293;1361;834;1000;0;1000;98
1082;291;1359;846;1000;0;1000;95
1083;292;1355;838;1000;0;1000;98
1084;295;1356;842;1000;0;1000;98
1085;293;1358;840;999;0;999;103
1086;287;1369;843;999;0;999;106
1087;291;1365;844;1000;0;1000;101
1088;301;1366;836;999;0;999;102
1089;310;1375;848;999;0;999;104
1090;317;1368;860;999;0;999;91
1091;322;1364;852;999;0;999;87
1092;325;1360;858;1000;0;1000;89
1093;324;1364;875;999;0;999;91
1094;327;1361;879;999;0;999;91
1095;330;1365;866;999;0;999;103
1096;328;1366;870;999;0;999;96
1097;320;1368;868;1000;0;1000;89
1098;318;1360;857;999;0;999;84
1099;319;1368;858;999;0;999;90
1100;316;1379;864;999;0;999;84
1101;313;1380;855;1000;0;1000;89
1102;313;1373;852;999;0;999;91
1103;316;1377;853;999;0;999;88
1104;306;1379;861;1000;0;1000;98
1105;304;1375;866;1000;0;1000;89
1106;308;1374;860;1000;0;1000;92
1107;313;1370;855;999;0;999;94
1108;306;1369;855;999;0;999;93
1109;305;1365;836;999;0;999;91
1110;309;1364;823;999;0;999;85
1111;306;1359;825;1000;0;1000;89
1112;304;1366;819;999;0;999;97
1113;303;1358;825;1000;0;1000;101
1114;306;1365;826;999;0;999;103
1115;306;1358;828;1000;0;1000;95
1116;298;1362;811;999;0;999;99
1117;299;1357;824;1000;0;1000;98
1118;292;1353;836;999;0;999;97
1119;288;1345;844;999;0;999;94
1120;286;1347;851;999;0;999;104
1121;288;1342;852;1000;0;1000;107
1122;287;1343;851;999;0;999;109
1123;285;1346;856;1000;0;1000;113
1124;287;1364;853;1000;0;1000;113
1125;288;1362;855;1000;0;1000;107
1126;283;1363;855;1000;0;1000;107
1127;286;1362;849;999;0;999;104
1128;286;1361;836;999;0;999;103
1129;286;1359;833;1000;0;1000;100
1130;291;1361;826;999;0;999;94
1131;293;1350;825;1000;0;1000;92
1132;298;1348;809;1000;0;1000;98
1133;303;1341;813;999;0;999;104
1134;301;1332;816;1000;0;1000;107
1135;304;1326;819;999;0;999;102
1136;307;1330;844;999;0;999;105
1137;311;1337;852;999;0;999;99
1138;310;1345;843;999;0;999;103
1139;313;1350;842;999;0;999;104
1140;308;1345;856;999;0;999;102
1141;310;1345;845;1000;0;1000;92
1142;313;1346;845;1000;0;1000;98
1143;311;1350;857;999;0;999;102
1144;318;1356;848;999;0;999;102
1145;317;1352;847;999;0;999;90
1146;310;1341;845;999;0;999;93
1147;307;1331;847;999;0;999;102
1148;307;1326;844;999;0;999;94
1149;302;1319;856;1000;0;1000;95
1150;303;1320;861;999;0;999;103
1151;305;1323;861;1000;0;1000;107
1152;301;1331;864;999;0;999;106
1153;297;1334;868;999;0;999;112
1154;295;1334;866;999;0;999;105
1155;294;1338;873;999;0;999;105
1156;295;1347;879;1000;0;1000;107
1157;299;1346;885;999;0;999;105
1158;303;1346;884;1000;0;1000;100
1159;302;1341;876;999;0;999;103
1160;299;1340;844;999;0;999;103
1161;304;1336;842;1000;0;1000;100
1162;309;1333;852;999;0;999;97
1163;314;1335;856;999;0;999;102
1164;316;1345;843;999;0;999;104
1165;310;1340;852;1000;0;1000;101
1166;311;1326;868;1000;0;1000;100
1167;314;1316;863;999;0;999;105
1168;312;1313;854;999;0;999;103
1169;311;1312;851;999;0;999;104
1170;312;1312;858;999;0;999;93
1171;313;1306;845;999;0;999;88
1172;313;1306;841;1000;0;1000;95
1173;313;1291;841;999;0;999;102
1174;312;1282;838;1000;0;1000;101
1175;317;1282;822;999;0;999;106
1176;319;1278;815;1000;0;1000;113
1177;316;1281;829;1000;0;1000;108
1178;312;1303;830;999;0;999;116
1179;316;1301;840;1000;0;1000;113
1180;319;1307;846;1000;0;1000;114
1181;316;1306;853;1000;0;1000;107
1182;315;1301;857;1000;0;1000;108
1183;313;1297;841;1000;0;1000;111
1184;309;1298;840;999;0;999;103
1185;297;1296;840;1000;0;1000;114
1186;298;1294;861;999;0;999;117
1187;299;1294;866;1000;0;1000;113
1188;284;1284;862;999;0;999;110
1189;288;1286;856;1000;0;1000;123
1190;298;1288;857;999;0;999;115
1191;296;1294;864;1000;0;1000;113
1192;292;1291;875;999;0;999;106
1193;301;1296;873;999;0;999;109
1194;302;1301;855;1000;0;1000;107
1195;304;1311;869;1000;0;1000;108
1196;309;1310;866;999;0;999;103
1197;309;1310;874;1000;0;1000;101
1198;313;1312;862;1000;0;1000;107
1199;314;1313;894;999;0;999;105
1200;313;1314;899;999;0;999;103
1201;305;1321;913;999;0;999;97
1202;299;1323;912;1000;0;1000;98
1203;297;1318;923;1000;0;1000;101
1204;300;1309;927;999;0;999;99
1205;301;1306;938;999;0;999;104
1206;300;1308;946;999;0;999;104
1207;298;1302;965;999;0;999;102
1208;296;1304;988;1000;0;1000;98
1209;291;1314;985;1000;0;1000;89
1210;296;1310;990;999;0;999;96
1211;295;1304;992;999;0;999;99
1212;295;1298;986;999;0;999;105
1213;298;1284;987;999;0;999;109
1214;296;1279;971;999;0;999;109
1215;290;1275;963;999;0;999;110
1216;292;1278;976;999;0;999;116
1217;294;1270;968;999;0;999;116
1218;294;1276;966;999;0;999;116
1219;293;1270;967;999;0;999;117
1220;293;1280;971;999;0;999;121
1221;295;1276;978;999;0;999;115
1222;300;1281;976;999;0;999;115
1223;299;1269;983;999;0;999;110
1224;304;1285;986;999;0;999;124
1225;302;1277;983;1000;0;1000;113
1226;310;1273;981;999;0;999;109
1227;319;1257;979;999;0;999;109
1228;320;1251;981;1000;0;1000;108
1229;311;1244;992;999;0;999;109
1230;308;1246;991;999;0;999;115
1231;306;1241;986;999;0;999;120
1232;314;1247;979;999;0;999;120
1233;314;1255;989;999;0;999;117
1234;312;1253;1005;999;0;999;120
1235;314;1245;1017;1000;0;1000;122
1236;317;1260;1005;999;0;999;112
1237;323;1257;1003;1000;0;1000;113
1238;315;1250;1004;999;0;999;119
1239;317;1246;1005;999;0;999;118
1240;320;1249;1009;1000;0;1000;114
1241;320;1253;990;999;0;999;109
1242;317;1262;972;1000;0;1000;113
1243;317;1273;967;999;0;999;112
1244;315;1273;953;1000;0;1000;113
1245;312;1286;954;1000;0;1000;113
1246;314;1295;947;999;0;999;112
1247;317;1308;937;999;0;999;115
1248;319;1311;936;1000;0;1000;107
1249;320;1311;932;999;0;999;112
1250;321;1315;928;1000;0;1000;108
1251;324;1326;917;1000;0;1000;107
1252;319;1326;909;999;0;999;104
1253;320;1332;920;999;0;999;103
1254;320;1340;931;999;0;999;109
1255;315;1345;924;999;0;999;103
1256;310;1350;918;1000;0;1000;101
1257;307;1354;912;999;0;999;104
1258;303;1357;913;999;0;999;103
1259;299;1348;914;1000;0;1000;101
1260;298;1352;897;999;0;999;97
1261;293;1358;890;1000;0;1000;98
1262;295;1351;865;1000;0;1000;100
1263;296;1342;862;999;0;999;102
1264;293;1342;864;1000;0;1000;101
1265;293;1341;870;999;0;999;104
1266;295;1332;864;999;0;999;102
1267;294;1331;852;999;0;999;105
1268;291;1329;849;1000;0;1000;108
1269;298;1330;852;1000;0;1000;100
1270;301;1325;838;1000;0;1000;95
1271;300;1324;827;999;0;999;99
1272;300;1329;826;999;0;999;104
1273;297;1333;834;1000;0;1000;108
1274;298;1339;820;999;0;999;105
1275;295;1342;821;999;0;999;104
1276;288;1346;810;1000;0;1000;108
1277;291;1354;822;999;0;999;105
1278;292;1355;815;1000;0;1000;108
1279;286;1357;819;999;0;999;105
1280;283;1354;812;999;0;999;104
1281;280;1348;813;999;0;999;102
1282;278;1346;803;999;0;999;103
1283;282;1344;806;999;0;999;103
1284;284;1342;817;1000;0;1000;114
1285;286;1349;802;1000;0;1000;113
1286;286;1349;808;1000;0;1000;107
1287;290;1344;814;999;0;999;105
1288;293;1340;821;999;0;999;104
1289;286;1344;817;1000;0;1000;107
1290;287;1342;826;999;0;999;109
1291;285;1348;821;999;0;999;112
1292;278;1352;806;1000;0;1000;101
1293;281;1346;802;999;0;999;103
1294;280;1347;804;999;0;999;109
1295;282;1347;809;1000;0;1000;107
1296;274;1345;804;1000;0;1000;114
1297;275;1345;804;999;0;999;117
1298;280;1346;834;1000;0;1000;113
1299;283;1348;841;1000;0;1000;113
1300;282;1349;856;999;0;999;110
1301;273;1344;863;1000;0;1000;108
1302;269;1344;862;999;0;999;109
1303;271;1344;854;999;0;999;104
1304;271;1342;845;1000;0;1000;108
1305;273;1337;843;999;0;999;109
1306;276;1336;837;1000;0;1000;113
1307;288;1335;842;1000;0;1000;113
1308;293;1331;838;999;0;999;112
1309;290;1334;844;999;0;999;116
1310;295;1336;843;1000;0;1000;111
1311;296;1334;849;1000;0;1000;111
1312;297;1325;841;999;0;999;112
1313;295;1328;832;1000;0;1000;113
1314;299;1332;833;999;0;999;106
1315;298;1331;836;999;0;999;106
1316;297;1335;849;999;0;999;110
1317;293;1337;842;1000;0;1000;107
1318;295;1332;842;1000;0;1000;100
1319;289;1337;833;999;0;999;102
1320;294;1336;835;999;0;999;106
1321;299;1333;833;999;0;999;112
1322;304;1334;856;1000;0;1000;113
1323;296;1343;897;1000;0;1000;108
1324;296;1344;896;999;0;999;97
1325;294;1345;909;1000;0;1000;98
1326;294;1337;920;999;0;999;96
1327;292;1337;917;999;0;999;94
1328;292;1339;947;999;0;999;105
1329;293;1339;961;1000;0;1000;107
1330;294;1335;976;1000;0;1000;107
1331;296;1337;975;1000;0;1000;107
1332;296;1339;964;999;0;999;105
1333;290;1340;977;999;0;999;109
1334;292;1337;976;999;0;999;106
1335;297;1335;969;999;0;999;110
1336;300;1340;970;999;0;999;104
1337;299;1336;953;999;0;999;97
1338;295;1341;959;999;0;999;94
1339;298;1339;955;1000;0;1000;100
1340;300;1334;950;999;0;999;104
1341;291;1336;960;999;0;999;104
1342;294;1335;965;999;0;999;103
1343;293;1334;950;999;0;999;103
1344;288;1344;942;999;0;999;106
1345;288;1349;946;999;0;999;102
1346;296;1346;939;999;0;999;105
1347;294;1347;925;999;0;999;105
1348;289;1345;922;999;0;999;105
1349;290;1345;924;999;0;999;104
1350;286;1347;934;1000;0;1000;107
1351;285;1343;925;1000;0;1000;101
1352;285;1340;928;999;0;999;104
1353;286;1344;920;999;0;999;104
1354;290;1353;923;999;0;999;106
1355;293;1353;888;999;0;999;99
1356;299;1356;885;999;0;999;103
1357;302;1362;890;999;0;999;103
1358;301;1361;866;999;0;999;105
1359;296;1361;838;1000;0;1000;101
1360;296;1354;832;1000;0;1000;92
1361;294;1352;836;999;0;999;90
1362;293;1339;831;999;0;999;93
1363;295;1345;840;999;0;999;91
1364;298;1335;843;999;0;999;96
1365;306;1335;846;999;0;999;97
1366;305;1339;859;1000;0;1000;107
1367;307;1333;872;1000;0;1000;107
1368;310;1318;888;999;0;999;104
1369;302;1306;886;1000;0;1000;101
1370;295;1297;876;999;0;999;102
1371;294;1289;871;999;0;999;106
1372;300;1297;871;999;0;999;112
1373;298;1308;893;1000;0;1000;114
1374;300;1316;880;1000;0;1000;107
1375;300;1321;878;1000;0;1000;114
1376;296;1330;873;1000;0;1000;114
1377;295;1339;883;999;0;999;104
1378;296;1334;877;999;0;999;103
1379;294;1327;884;1000;0;1000;111
1380;287;1331;903;999;0;999;118
1381;289;1331;910;1000;0;1000;114
1382;291;1331;900;999;0;999;112
1383;288;1326;900;1000;0;1000;107
1384;283;1325;892;1000;0;1000;100
1385;279;1323;885;999;0;999;109
1386;272;1317;865;1000;0;1000;114
1387;271;1313;870;1000;0;1000;108
1388;275;1310;852;999;0;999;112
1389;279;1310;851;1000;0;1000;122
1390;277;1302;866;999;0;999;116
1391;269;1299;877;999;0;999;119
1392;275;1301;894;999;0;999;118
1393;274;1292;904;999;0;999;116
1394;273;1295;909;999;0;999;116
1395;269;1293;897;999;0;999;124
1396;266;1291;894;1000;0;1000;122
1397;259;1289;892;999;0;999;121
1398;260;1290;904;1000;0;1000;123
1399;262;1294;920;999;0;999;124
1400;262;1299;903;999;0;999;119
1401;271;1298;901;999;0;999;121
1402;271;1295;915;1000;0;1000;114
1403;263;1290;940;1000;0;1000;114
1404;254;1280;943;999;0;999;115
1405;262;1278;947;1000;0;1000;114
1406;259;1277;978;999;0;999;124
1407;264;1277;981;1000;0;1000;125
1408;263;1278;970;1000;0;1000;125
1409;266;1287;975;999;0;999;121
1410;269;1285;967;999;0;999;126
1411;279;1282;952;999;0;999;115
1412;281;1291;931;1000;0;1000;125
1413;279;1302;940;1000;0;1000;128
1414;281;1310;926;999;0;999;121
1415;280;1321;899;1000;0;1000;122
1416;281;1322;858;1000;0;1000;114
1417;279;1326;856;999;0;999;116
1418;283;1328;853;999;0;999;103
1419;283;1321;836;999;0;999;110
1420;281;1318;827;1000;0;1000;108
1421;279;1317;828;1000;0;1000;113
1422;282;1318;803;1000;0;1000;111
1423;278;1323;823;999;0;999;120
1424;272;1318;829;999;0;999;117
1425;271;1311;827;999;0;999;120
1426;265;1304;823;999;0;999;112
1427;267;1310;833;999;0;999;119
1428;264;1313;852;999;0;999;115
1429;256;1307;885;999;0;999;119
1430;251;1310;882;1000;0;1000;123
1431;255;1309;877;1000;0;1000;128
1432;249;1299;896;999;0;999;126
1433;261;1306;875;1000;0;1000;122
1434;262;1306;847;1000;0;1000;128
1435;262;1304;832;999;0;999;121
1436;256;1309;832;999;0;999;126
1437;266;1309;830;999;0;999;117
1438;262;1314;810;999;0;999;127
1439;267;1318;779;999;0;999;126
1440;268;1321;789;1000;0;1000;122
1441;266;1307;797;999;0;999;120
1442;265;1305;776;999;0;999;116
1443;268;1299;767;999;0;999;118
1444;270;1300;753;999;0;999;119
1445;270;1298;752;999;0;999;121
1446;270;1310;755;999;0;999;132
1447;270;1304;761;1000;0;1000;134
1448;270;1303;764;1000;0;1000;129
1449;269;1300;775;1000;0;1000;133
1450;265;1306;763;1000;0;1000;129
1451;268;1315;760;1000;0;1000;133
1452;271;1315;760;1000;0;1000;128
1453;272;1321;785;999;0;999;139
1454;274;1321;795;1000;0;1000;128
1455;270;1319;792;999;0;999;115
1456;273;1324;777;1000;0;1000;123
1457;272;1338;777;999;0;999;112
1458;272;1341;777;1000;0;1000;108
1459;271;1342;761;1000;0;1000;114
1460;284;1349;752;1000;0;1000;113
1461;280;1350;754;999;0;999;109
1462;276;1347;749;999;0;999;104
1463;279;1355;748;999;0;999;106
1464;274;1352;738;999;0;999;102
1465;262;1347;729;1000;0;1000;108
1466;254;1342;741;999;0;999;104
1467;254;1337;745;1000;0;1000;111
1468;257;1334;753;999;0;999;120
1469;253;1340;758;999;0;999;126
1470;250;1341;756;1000;0;1000;123
1471;252;1336;755;999;0;999;115
1472;252;1339;766;999;0;999;120
1473;246;1340;780;999;0;999;118
1474;242;1339;772;999;0;999;126
1475;238;1342;763;999;0;999;127
1476;238;1346;760;1000;0;1000;134
1477;235;1341;753;1000;0;1000;128
1478;243;1342;747;1000;0;1000;125
1479;243;1342;746;1000;0;1000;128
1480;246;1339;760;1000;0;1000;128
1481;259;1341;761;999;0;999;127
1482;265;1332;744;999;0;999;116
1483;265;1342;744;999;0;999;120
1484;271;1342;756;999;0;999;124
1485;276;1340;754;999;0;999;115
1486;275;1338;757;999;0;999;120
1487;271;1335;763;999;0;999;115
1488;262;1334;763;999;0;999;112
1489;264;1331;760;1000;0;1000;111
1490;257;1330;766;999;0;999;115
1491;249;1335;759;999;0;999;132
1492;244;1344;746;999;0;999;130
1493;239;1339;741;1000;0;1000;123
1494;234;1337;758;999;0;999;132
1495;229;1344;746;999;0;999;132
1496;234;1344;735;999;0;999;118
1497;231;1346;743;1000;0;1000;122
1498;230;1348;739;1000;0;1000;131
1499;233;1347;731;999;0;999;124
1500;236;1338;722;1000;0;1000;125
1501;234;1329;727;1000;0;1000;133
1502;235;1320;729;999;0;999;127
1503;236;1315;728;1000;0;1000;141
1504;235;1307;714;999;0;999;137
1505;232;1310;729;1000;0;1000;131
1506;232;1311;740;999;0;999;143
1507;234;1310;726;1000;0;1000;145
1508;235;1306;730;1000;0;1000;138
1509;230;1309;717;999;0;999;149
1510;227;1314;707;999;0;999;153
1511;220;1312;711;999;0;999;152
1512;217;1314;715;999;0;999;160
1513;214;1322;706;1000;0;1000;158
1514;210;1318;702;999;0;999;137
1515;210;1319;700;1000;0;1000;141
1516;213;1315;680;999;0;999;140
1517;214;1312;665;1000;0;1000;145
1518;217;1304;651;1000;0;1000;161
1519;218;1304;649;999;0;999;171
1520;213;1308;626;1000;0;1000;165
1521;212;1313;624;999;0;999;160
1522;220;1315;625;1000;0;1000;155
1523;218;1321;633;999;0;999;156
1524;221;1328;634;1000;0;1000;158
1525;231;1329;633;999;0;999;154
1526;230;1326;629;1000;0;1000;148
1527;224;1334;631;1000;0;1000;151
1528;229;1334;631;999;0;999;143
1529;229;1326;626;999;0;999;139
1530;226;1321;604;999;0;999;143
1531;220;1318;598;999;0;999;152
1532;215;1319;599;1000;0;1000;161
1533;218;1320;607;1000;0;1000;150
1534;208;1323;611;999;0;999;152
1535;212;1316;604;999;0;999;142
1536;206;1313;594;999;0;999;142
1537;208;1313;589;999;0;999;152
1538;208;1313;571;1000;0;1000;165
1539;208;1310;574;1000;0;1000;176
1540;199;1304;571;1000;0;1000;178
1541;198;1298;554;999;0;999;182
1542;192;1303;566;999;0;999;194
1543;188;1320;573;999;0;999;194
1544;186;1318;579;1000;0;1000;190
1545;186;1324;586;999;0;999;195
1546;182;1322;589;1000;0;1000;193
1547;175;1321;582;1000;0;1000;188
1548;173;1311;580;999;0;999;194
1549;167;1314;566;999;0;999;204
1550;166;1319;556;999;0;999;210
1551;168;1318;540;1000;0;1000;198
1552;167;1321;540;999;0;999;203
1553;165;1338;559;1000;0;1000;228
1554;169;1340;571;1000;0;1000;229
1555;172;1348;574;1000;0;1000;211
1556;170;1346;595;999;0;999;215
1557;176;1339;597;999;0;999;204
1558;173;1332;599;999;0;999;203
1559;169;1342;596;999;0;999;185
1560;176;1340;586;1000;0;1000;190
1561;176;1336;584;999;0;999;195
1562;178;1336;574;1000;0;1000;188
1563;181;1329;587;999;0;999;177
1564;175;1324;583;1000;0;1000;183
1565;177;1322;576;1000;0;1000;184
1566;176;1323;577;999;0;999;195
1567;180;1335;574;1000;0;1000;192
1568;183;1343;573;1000;0;1000;187
1569;186;1341;585;1000;0;1000;183
1570;188;1341;576;1000;0;1000;184
1571;195;1332;595;999;0;999;175
1572;194;1337;593;1000;0;1000;176
1573;186;1340;575;999;0;999;180
1574;182;1333;576;1000;0;1000;174
1575;184;1326;570;999;0;999;181
1576;181;1328;560;1000;0;1000;183
1577;186;1324;564;999;0;999;196
1578;178;1314;577;1000;0;1000;199
1579;178;1318;576;999;0;999;180
1580;185;1320;575;999;0;999;180
1581;189;1322;568;1000;0;1000;176
1582;187;1327;574;999;0;999;185
1583;175;1338;583;1000;0;1000;188
1584;166;1335;578;1000;0;1000;192
1585;173;1335;566;1000;0;1000;190
1586;177;1326;563;1000;0;1000;190
1587;175;1328;563;999;0;999;186
1588;179;1321;561;999;0;999;201
1589;177;1328;558;999;0;999;215
1590;174;1339;559;1000;0;1000;212
1591;167;1355;567;999;0;999;208
1592;169;1355;574;999;0;999;201
1593;167;1356;575;999;0;999;196
1594;163;1366;558;1000;0;1000;190
1595;162;1359;558;999;0;999;194
1596;165;1348;555;1000;0;1000;198
1597;166;1334;563;999;0;999;206
1598;161;1331;567;1000;0;1000;209
1599;158;1319;568;999;0;999;204
1600;158;1322;579;1000;0;1000;227
1601;154;1335;580;999;0;999;234
1602;153;1337;574;1000;0;1000;223
1603;149;1335;581;999;0;999;220
1604;149;1337;587;999;0;999;214
1605;147;1342;580;1000;0;1000;223
1606;159;1336;575;999;0;999;222
1607;159;1338;583;999;0;999;219
1608;157;1333;593;1000;0;1000;216
1609;158;1327;599;999;0;999;215
1610;161;1317;601;999;0;999;217
1611;160;1313;600;999;0;999;217
1612;163;1317;589;1000;0;1000;212
1613;161;1325;575;1000;0;1000;211
1614;158;1328;565;999;0;999;222
1615;162;1333;554;1000;0;1000;226
1616;166;1341;551;999;0;999;210
1617;167;1341;552;999;0;999;206
1618;166;1343;547;999;0;999;204
1619;166;1343;547;1000;0;1000;198
1620;166;1350;547;999;0;999;208
1621;164;1351;548;1000;0;1000;205
1622;163;1356;538;1000;0;1000;199
1623;163;1364;535;999;0;999;206
1624;161;1355;529;999;0;999;201
1625;161;1354;527;999;0;999;196
1626;155;1345;516;1000;0;1000;199
1627;153;1351;514;999;0;999;219
1628;154;1358;521;999;0;999;237
1629;151;1361;517;999;0;999;230
1630;147;1353;508;999;0;999;237
1631;146;1357;510;999;0;999;230
1632;151;1344;511;999;0;999;218
1633;151;1340;509;999;0;999;236
1634;144;1346;504;999;0;999;241
1635;145;1350;504;999;0;999;252
1636;145;1358;513;999;0;999;242
1637;146;1361;508;999;0;999;248
1638;146;1368;518;999;0;999;238
1639;147;1370;523;999;0;999;221
1640;140;1372;525;1000;0;1000;225
1641;139;1376;525;999;0;999;236
1642;138;1379;535;1000;0;1000;216
1643;138;1368;532;999;0;999;213
1644;141;1362;531;1000;0;1000;228
1645;147;1361;526;999;0;999;220
1646;148;1344;521;999;0;999;206
1647;145;1346;519;999;0;999;218
1648;145;1351;512;999;0;999;231
1649;151;1350;511;999;0;999;220
1650;155;1348;509;999;0;999;222
1651;153;1356;508;1000;0;1000;226
1652;157;1363;514;999;0;999;224
1653;166;1369;502;999;0;999;206
1654;165;1373;496;1000;0;1000;197
1655;173;1375;479;1000;0;1000;189
1656;174;1369;492;1000;0;1000;187
1657;176;1364;502;999;0;999;186
1658;173;1357;510;999;0;999;191
1659;172;1359;508;1000;0;1000;198
1660;172;1355;506;999;0;999;196
1661;175;1345;518;1000;0;1000;184
1662;177;1333;516;999;0;999;180
1663;180;1326;517;999;0;999;185
1664;180;1321;527;1000;0;1000;188
1665;176;1323;529;1000;0;1000;197
1666;184;1328;528;1000;0;1000;207
1667;180;1335;536;999;0;999;206
1668;182;1336;528;1000;0;1000;200
1669;189;1341;532;1000;0;1000;184
1670;194;1341;515;1000;0;1000;184
1671;194;1345;500;1000;0;1000;178
1672;184;1350;502;1000;0;1000;184
1673;184;1363;495;999;0;999;191
1674;183;1360;483;1000;0;1000;188
1675;177;1365;487;999;0;999;194
1676;165;1373;494;1000;0;1000;207
1677;162;1373;506;1000;0;1000;205
1678;158;1371;506;999;0;999;194
1679;163;1381;497;1000;0;1000;189
1680;169;1376;488;999;0;999;175
1681;175;1378;488;1000;0;1000;190
1682;180;1379;490;1000;0;1000;188
1683;182;1379;485;1000;0;1000;172
1684;176;1380;484;1000;0;1000;173
1685;178;1381;483;999;0;999;163
1686;180;1382;488;999;0;999;163
1687;178;1383;488;999;0;999;159
1688;178;1376;488;1000;0;1000;174
1689;182;1370;490;1000;0;1000;178
1690;182;1371;480;1000;0;1000;192
1691;190;1365;489;1000;0;1000;192
1692;191;1362;492;1000;0;1000;183
1693;183;1374;490;1000;0;1000;178
1694;175;1377;485;1000;0;1000;173
1695;176;1378;465;999;0;999;177
1696;170;1380;470;1000;0;1000;179
1697;167;1382;463;1000;0;1000;176
1698;169;1380;471;999;0;999;195
1699;170;1387;473;1000;0;1000;190
1700;175;1388;477;999;0;999;208
1701;180;1389;478;1000;0;1000;216
1702;176;1395;491;999;0;999;194
1703;176;1390;488;999;0;999;182
1704;172;1388;485;1000;0;1000;187
1705;173;1384;473;999;0;999;177
1706;177;1387;474;999;0;999;185
1707;179;1386;473;1000;0;1000;190
1708;175;1381;483;999;0;999;177
1709;173;1381;488;1000;0;1000;179
1710;169;1386;475;1000;0;1000;187
1711;170;1387;475;999;0;999;186
1712;167;1387;472;1000;0;1000;187
1713;164;1390;457;1000;0;1000;190
1714;158;1395;441;999;0;999;203
1715;156;1393;434;999;0;999;191
1716;156;1388;428;999;0;999;196
1717;154;1382;435;1000;0;1000;212
1718;149;1381;430;1000;0;1000;207
1719;149;1380;426;1000;0;1000;207
1720;150;1379;419;1000;0;1000;205
1721;149;1384;430;999;0;999;219
1722;154;1384;431;1000;0;1000;202
1723;153;1383;426;999;0;999;217
1724;157;1385;417;1000;0;1000;216
1725;153;1387;416;1000;0;1000;205
1726;150;1387;407;1000;0;1000;202
1727;147;1381;397;999;0;999;214
1728;148;1385;401;999;0;999;224
1729;145;1383;408;999;0;999;233
1730;143;1381;419;1000;0;1000;227
1731;144;1390;425;999;0;999;215
1732;145;1392;422;1000;0;1000;223
1733;146;1389;434;999;0;999;234
1734;146;1391;444;1000;0;1000;235
1735;146;1393;450;999;0;999;222
1736;145;1393;440;999;0;999;219
1737;150;1398;434;999;0;999;219
1738;146;1402;432;1000;0;1000;216
1739;143;1401;424;999;0;999;219
1740;142;1406;423;999;0;999;221
1741;143;1410;433;999;0;999;208
1742;146;1412;429;999;0;999;195
1743;145;1409;426;999;0;999;196
1744;144;1401;421;1000;0;1000;198
1745;144;1400;422;1000;0;1000;211
1746;144;1398;428;1000;0;1000;212
1747;144;1401;422;1000;0;1000;216
1748;145;1401;412;999;0;999;215
1749;145;1405;410;999;0;999;208
1750;148;1402;411;999;0;999;206
1751;148;1403;409;999;0;999;210
1752;147;1403;412;1000;0;1000;216
1753;145;1403;410;999;0;999;215
1754;147;1402;400;999;0;999;210
1755;144;1398;393;1000;0;1000;212
1756;144;1394;392;999;0;999;219
1757;140;1399;392;999;0;999;222
1758;141;1409;376;999;0;999;230
1759;143;1404;376;1000;0;1000;227
1760;140;1403;388;999;0;999;240
1761;144;1402;385;999;0;999;234
1762;144;1411;375;1000;0;1000;216
1763;146;1410;356;999;0;999;210
1764;146;1409;353;1000;0;1000;216
1765;139;1409;354;1000;0;1000;226
1766;140;1417;350;999;0;999;236
1767;147;1423;347;999;0;999;234
1768;145;1427;349;1000;0;1000;211
1769;142;1424;340;1000;0;1000;205
1770;140;1425;326;1000;0;1000;211
1771;140;1425;327;1000;0;1000;205
1772;135;1422;327;1000;0;1000;212
1773;138;1412;325;1000;0;1000;228
1774;143;1408;329;999;0;999;240
1775;145;1414;322;999;0;999;230
1776;141;1419;323;999;0;999;236
1777;142;1416;328;999;0;999;237
1778;138;1425;333;999;0;999;232
1779;134;1432;326;1000;0;1000;245
1780;131;1431;326;999;0;999;240
1781;133;1433;313;999;0;999;231
1782;133;1434;321;1000;0;1000;229
1783;135;1437;313;1000;0;1000;227
1784;139;1437;300;999;0;999;217
1785;137;1439;289;1000;0;1000;225
1786;126;1448;280;999;0;999;236
1787;123;1449;277;999;0;999;241
1788;119;1449;272;1000;0;1000;235
1789;117;1445;261;1000;0;1000;258
1790;120;1438;252;1000;0;1000;266
1791;123;1444;254;1000;0;1000;267
1792;120;1447;251;1000;0;1000;275
1793;119;1447;238;1000;0;1000;285
1794;116;1447;236;1000;0;1000;290
1795;114;1446;224;1000;0;1000;286
1796;113;1452;213;1000;0;1000;292
1797;111;1452;211;1000;0;1000;298
1798;111;1455;199;1000;0;1000;298
1799;103;1465;183;1000;0;1000;289
1800;103;1471;171;999;0;999;300
1801;105;1476;159;999;0;999;299
1802;101;1482;150;999;0;999;305
1803;102;1485;151;1000;0;1000;325
1804;101;1490;151;1000;0;1000;327
1805;94;1498;134;999;0;999;334
1806;85;1500;123;1000;0;1000;346
1807;77;1501;111;999;0;999;396
1808;75;1500;98;1000;0;1000;450
1809;69;1504;92;999;0;999;476
1810;65;1510;88;1000;0;1000;533
1811;60;1522;81;1000;0;1000;570
1812;58;1536;80;999;0;999;599
1813;54;1543;76;1000;0;1000;639
1814;52;1554;72;999;0;999;692
1815;49;1566;69;999;0;999;729
1816;45;1574;67;1000;0;1000;748
1817;44;1579;68;999;0;999;817
1818;42;1588;68;1000;0;1000;853
1819;40;1596;67;1000;0;1000;905
1820;40;1597;67;999;0;999;1016
1821;40;1611;67;999;0;999;1005
1822;38;1626;70;1000;0;1000;986
1823;40;1638;73;999;0;999;1017
1824;40;1652;76;1000;0;1000;945
1825;39;1659;77;1000;0;1000;940
1826;39;1666;77;1000;0;1000;907
1827;37;1687;72;999;0;999;815
1828;35;1701;71;1000;0;1000;924
1829;34;1711;72;1000;0;1000;940
1830;34;1729;73;999;0;999;964
1831;35;1749;75;999;0;999;1034
1832;36;1765;74;1000;0;1000;977
1833;35;1779;74;999;0;999;917
1834;35;1797;74;1000;0;1000;822
1835;37;1805;74;1000;0;1000;812
1836;38;1818;75;999;0;999;751
1837;36;1828;71;1000;0;1000;683
1838;35;1837;71;999;0;999;742
1839;35;1849;72;999;0;999;723
1840;34;1849;73;1000;0;1000;704
1841;33;1858;73;1000;0;1000;763
1842;34;1872;77;1000;0;1000;828
1843;35;1882;78;1000;0;1000;820
1844;35;1894;79;999;0;999;754
1845;34;1907;82;999;0;999;692
1846;34;1926;84;1000;0;1000;686
1847;34;1936;88;1000;0;1000;632
1848;34;1945;86;999;0;999;599
1849;34;1955;89;999;0;999;622
1850;34;1963;91;1000;0;1000;589
1851;35;1974;92;1000;0;1000;559
1852;35;1988;94;1000;0;1000;583
1853;34;1999;96;999;0;999;605
1854;34;2007;95;999;0;999;571
1855;35;2010;96;1000;0;1000;576
1856;34;2018;93;1000;0;1000;552
1857;35;2023;94;999;0;999;523
1858;36;2027;91;1000;0;1000;507
1859;36;2033;91;1000;0;1000;441
1860;36;2043;92;1000;0;1000;421
1861;35;2045;89;999;0;999;445
1862;37;2048;91;1000;0;1000;453
1863;35;2056;97;1000;0;1000;406
1864;35;2061;96;1000;0;1000;353
1865;34;2072;94;999;0;999;356
1866;34;2083;92;999;0;999;376
1867;33;2088;87;999;0;999;425
1868;33;2093;87;999;0;999;438
1869;34;2103;88;999;0;999;418
1870;34;2116;84;999;0;999;443
1871;33;2115;81;999;0;999;458
1872;32;2120;83;1000;0;1000;453
1873;31;2129;84;999;0;999;470
1874;32;2127;84;1000;0;1000;435
1875;31;2129;85;1000;0;1000;434
1876;32;2136;84;1000;0;1000;448
1877;33;2150;82;999;0;999;425
1878;34;2157;89;1000;0;1000;385
1879;33;2170;91;1000;0;1000;373
1880;32;2178;95;1000;0;1000;421
1881;32;2190;95;999;0;999;408
1882;31;2196;93;1000;0;1000;403
1883;32;2207;97;1000;0;1000;410
1884;33;2216;96;999;0;999;412
1885;33;2225;98;1000;0;1000;386
1886;33;2225;96;999;0;999;368
1887;33;2231;102;1000;0;1000;328
1888;33;2244;96;999;0;999;312
1889;33;2255;96;1000;0;1000;321
1890;34;2260;93;999;0;999;300
1891;33;2261;89;999;0;999;299
1892;33;2273;88;1000;0;1000;292
1893;33;2279;83;999;0;999;268
1894;32;2284;85;1000;0;1000;261
1895;31;2284;83;999;0;999;272
1896;32;2289;78;1000;0;1000;277
1897;34;2300;74;999;0;999;305
1898;34;2301;74;1000;0;1000;274
1899;32;2301;71;999;0;999;260
1900;32;2314;72;999;0;999;273
1901;33;2319;73;999;0;999;281
1902;34;2326;74;999;0;999;240
1903;33;2317;75;999;0;999;232
1904;30;2314;77;999;0;999;240
1905;31;2320;80;999;0;999;252
1906;30;2322;81;999;0;999;246
1907;31;2335;80;999;0;999;270
1908;32;2337;79;999;0;999;251
1909;32;2350;74;1000;0;1000;245
1910;32;2357;74;1000;0;1000;258
1911;32;2374;76;1000;0;1000;261
1912;33;2377;76;1000;0;1000;263
1913;34;2381;80;999;0;999;264
1914;34;2389;84;1000;0;1000;250
1915;34;2396;85;999;0;999;215
1916;32;2393;84;1000;0;1000;192
1917;32;2387;86;1000;0;1000;174
1918;32;2392;86;999;0;999;170
1919;30;2389;83;1000;0;1000;179
1920;29;2392;84;1000;0;1000;199
1921;30;2393;85;1000;0;1000;202
1922;30;2402;80;999;0;999;224
1923;29;2412;80;999;0;999;242
1924;31;2416;86;999;0;999;236
1925;33;2413;87;999;0;999;248
1926;33;2420;86;1000;0;1000;223
1927;34;2427;89;1000;0;1000;226
1928;33;2427;93;999;0;999;195
1929;33;2422;94;999;0;999;186
1930;33;2429;92;999;0;999;170
1931;31;2422;98;1000;0;1000;173
1932;31;2412;110;999;0;999;170
1933;31;2422;106;1000;0;1000;179
1934;31;2418;107;999;0;999;180
1935;30;2419;109;999;0;999;206
1936;29;2427;102;999;0;999;206
1937;30;2425;103;1000;0;1000;202
1938;30;2431;101;999;0;999;222
1939;30;2436;98;1000;0;1000;211
1940;32;2445;100;1000;0;1000;228
1941;32;2441;102;1000;0;1000;209
1942;31;2444;102;1000;0;1000;184
1943;31;2445;99;999;0;999;201
1944;31;2458;94;999;0;999;224
1945;31;2456;98;999;0;999;217
1946;31;2457;97;999;0;999;236
1947;31;2449;96;1000;0;1000;207
1948;31;2451;97;999;0;999;185
1949;29;2443;96;1000;0;1000;189
1950;30;2441;101;1000;0;1000;198
1951;29;2446;98;999;0;999;180
1952;29;2427;97;1000;0;1000;192
1953;30;2426;96;999;0;999;203
1954;32;2430;100;999;0;999;210
1955;31;2431;105;999;0;999;215
1956;31;2439;107;999;0;999;237
1957;31;2438;104;999;0;999;215
1958;31;2439;106;999;0;999;194
1959;32;2454;102;999;0;999;171
1960;33;2453;101;1000;0;1000;151
1961;34;2466;101;999;0;999;143
1962;31;2456;107;999;0;999;152
1963;31;2460;102;1000;0;1000;167
1964;31;2456;105;999;0;999;181
1965;29;2454;104;999;0;999;195
1966;29;2459;104;1000;0;1000;205
1967;31;2455;101;1000;0;1000;202
1968;31;2447;102;1000;0;1000;223
1969;31;2451;103;999;0;999;214
1970;31;2458;104;999;0;999;195
1971;32;2464;109;1000;0;1000;193
1972;33;2469;107;999;0;999;208
1973;32;2487;105;999;0;999;185
1974;33;2483;108;1000;0;1000;179
1975;34;2494;108;1000;0;1000;162
1976;33;2498;110;1000;0;1000;138
1977;34;2496;108;1000;0;1000;129
1978;34;2489;115;999;0;999;120
1979;34;2485;115;1000;0;1000;107
1980;33;2486;112;999;0;999;94
1981;33;2486;110;999;0;999;102
1982;32;2490;116;999;0;999;87
1983;29;2493;111;1000;0;1000;95
1984;29;2487;117;1000;0;1000;100
1985;28;2483;105;999;0;999;104
1986;27;2472;101;999;0;999;118
1987;28;2463;96;999;0;999;130
1988;29;2461;103;1000;0;1000;134
1989;28;2456;97;999;0;999;157
1990;29;2459;106;999;0;999;156
1991;29;2465;113;999;0;999;182
1992;29;2461;111;1000;0;1000;205
1993;29;2474;101;999;0;999;218
1994;30;2492;96;999;0;999;257
1995;29;2504;97;1000;0;1000;235
1996;30;2515;96;999;0;999;230
1997;31;2522;84;999;0;999;213
1998;31;2533;88;999;0;999;196
1999;31;2535;91;999;0;999;204
2000;30;2533;87;1000;0;1000;184
2001;31;2533;87;999;0;999;170
2002;31;2539;90;1000;0;1000;161
2003;29;2540;100;1000;0;1000;178
2004;29;2551;106;999;0;999;160
2005;29;2547;96;999;0;999;144
2006;29;2539;97;999;0;999;140
2007;28;2546;96;1000;0;1000;135
2008;29;2548;107;999;0;999;139
2009;29;2542;99;1000;0;1000;134
2010;31;2549;102;1000;0;1000;151
2011;30;2543;96;999;0;999;160
2012;30;2547;100;999;0;999;156
2013;32;2554;98;1000;0;1000;151
2014;32;2557;101;1000;0;1000;134
2015;32;2560;89;1000;0;1000;131
2016;29;2572;90;999;0;999;119
2017;31;2575;88;999;0;999;121
2018;32;2579;85;1000;0;1000;125
2019;34;2591;89;999;0;999;119
2020;34;2593;85;1000;0;1000;95
2021;32;2582;84;1000;0;1000;92
2022;31;2581;87;1000;0;1000;86
2023;32;2594;84;1000;0;1000;81
2024;32;2597;85;1000;0;1000;83
2025;31;2614;87;1000;0;1000;77
2026;32;2612;90;999;0;999;87
2027;32;2610;95;999;0;999;72
2028;32;2605;97;999;0;999;65
2029;31;2591;97;999;0;999;72
2030;31;2567;101;999;0;999;79
2031;31;2553;101;999;0;999;84
2032;30;2551;95;1000;0;1000;100
2033;29;2542;99;999;0;999;90
2034;28;2547;103;999;0;999;103
2035;29;2546;94;1000;0;1000;114
2036;30;2556;98;1000;0;1000;107
2037;31;2560;96;999;0;999;110
2038;31;2575;89;999;0;999;105
2039;30;2561;85;999;0;999;96
2040;30;2560;83;1000;0;1000;111
2041;31;2559;80;999;0;999;112
2042;30;2575;83;1000;0;1000;113
2043;31;2566;82;1000;0;1000;133
2044;31;2570;86;999;0;999;139
2045;31;2574;89;999;0;999;121
2046;32;2590;83;999;0;999;103
2047;32;2597;81;999;0;999;91
2048;28;2616;78;1000;0;1000;83
2049;25;2583;75;999;0;999;69
2050;26;2594;69;999;0;999;69
2051;26;2583;67;1000;0;1000;81
2052;27;2584;65;999;0;999;79
2053;28;2580;66;1000;0;1000;98
2054;30;2581;67;1000;0;1000;113
2055;31;2595;67;999;0;999;139
2056;34;2608;72;999;0;999;132
2057;33;2613;72;1000;0;1000;114
2058;33;2625;79;999;0;999;103
2059;33;2634;78;999;0;999;105
2060;30;2621;78;999;0;999;87
2061;32;2619;79;999;0;999;105
2062;32;2616;79;999;0;999;94
2063;31;2599;77;1000;0;1000;81
2064;31;2585;79;999;0;999;66
2065;30;2576;82;999;0;999;63
2066;32;2571;76;999;0;999;68
2067;32;2575;75;999;0;999;65
2068;34;2567;67;1000;0;1000;64
2069;35;2567;71;1000;0;1000;55
2070;34;2561;75;1000;0;1000;60
2071;36;2560;76;1000;0;1000;52
2072;40;2543;71;1000;0;1000;39
2073;40;2526;73;1000;0;1000;42
2074;35;2523;62;999;0;999;31
2075;28;2528;51;999;0;999;22
2076;32;2500;47;1000;0;1000;21
2077;37;2500;40;999;0;999;19
2078;39;2503;41;999;0;999;19
2079;49;2496;49;1000;0;1000;17
2080;50;2469;47;1000;0;1000;12
2081;42;2449;60;999;0;999;14
2082;33;2461;71;999;0;999;13
2083;34;2473;70;1000;0;1000;12
2084;37;2491;66;1000;0;1000;16
2085;42;2500;52;999;0;999;10
2086;36;2519;44;999;0;999;10
2087;29;2512;41;1000;0;1000;9
